UrlID,Url,Title,Matched segm,Matched Option,All options,Found,Attriubte
7751372,https://www.backcountry.com/chaco-zx-2-classic-sandal-womens,boost black zx2,boost,6,"['6.0', '7.0', '10.0']",TRUE,Size
7751372,https://www.backcountry.com/chaco-zx-2-classic-sandal-womens,boost black zx2,single_case,Single_case,Rocky Green,out of stock or don't care,Color
5096919,https://www.backcountry.com/manduka-pro-yoga-mat,black the,black the,"Verve, Standard$120.00","['Magic, Standard$120.00', 'Sage, Standard$120.00', 'Black, Standard$120.00', 'Verve, Standard$120.00', 'Black, Extra Long$146.00', 'Magic, Extra Long$146.00', 'Sage, Extra Long$146.00', 'Verve, Extra Long$146.00', 'Odyssey, Extra Long$146.00', 'Odyssey, Standard$120.00', 'Bondi Blue, Standard$110.00', 'Waterfall, Standard$130.00']",TRUE,size
5170962,https://www.backcountry.com/hydro-flask-10oz-rocks,oz 10 black,10 black,"White, One Size$29.95","['Black, One Size$29.95', 'Graphite, One Size$29.95', 'White, One Size$29.95', 'Olive, One Size$29.95', 'Pacific, One Size$29.95', 'Watermelon, One Size$29.95']",TRUE,size
5182169,https://www.backcountry.com/hydro-flask-22oz-tumbler,22 pacific oz,22 pacific,"Pacific, One Size","['Olive, One Size', 'Pacific, One Size', 'Black, One Size', 'Watermelon, One Size', 'Cobalt, One Size', 'Lilac, One Size', 'Graphite, One Size']",TRUE,size
5182169,https://www.backcountry.com/hydro-flask-22oz-tumbler,oz 22 pacific,22 pacific,"Pacific, One Size","['Olive, One Size', 'Pacific, One Size', 'Black, One Size', 'Watermelon, One Size', 'Cobalt, One Size', 'Lilac, One Size', 'Graphite, One Size']",TRUE,size
5386601,https://www.backcountry.com/mountain-hardwear-hardwear-ap-pant-mens,1648971011 pantshark,N/A,N/A,"['', '', '', '', '', '', '', '', '', '', '', '', '', '', '', '', '', '', '', '', '', '', '']",FALSE,Size
5386601,https://www.backcountry.com/mountain-hardwear-hardwear-ap-pant-mens,1648971011 pantshark,N/A,N/A,"['', '', '', '', '', '', '', '', '', '', '']",FALSE,Color
5386601,https://www.backcountry.com/mountain-hardwear-hardwear-ap-pant-mens,1648971011 shark,N/A,N/A,"['28x30', '28x32', '30x30', '30x32', '30x34', '31x30', '31x32', '32x30', '32x32', '32x34', '33x30', '33x32', '33x34', '34x30', '34x32', '34x34', '36x30', '36x32', '36x34', '38x30', '38x32', '40x30', '40x32']",FALSE,Size
5386601,https://www.backcountry.com/mountain-hardwear-hardwear-ap-pant-mens,1648971011 shark,shark,Shark/Black,"['Golden Brown', 'Dark Army', 'Dark Copper', 'Shark', 'Golden Brown/Tundra', 'Nightfall Blue/Dark Zinc', 'Peatmoss', 'BlackPast season color', 'Tundra', 'Shark/Black', 'Void']",TRUE,Color
5516467,https://www.backcountry.com/chaco-z-1-classic-sandal-mens,gray z1 split,N/A,N/A,"['7.0', '8.0', '9.0', '10.0', '11.0', '12.0', '13.0', '14.0']",FALSE,Size
5516467,https://www.backcountry.com/chaco-z-1-classic-sandal-mens,gray z1 split,split,Split Gray,"['Amp Royal', 'Black', 'Split Gray', 'Tidal Mallard', 'Accordion Green', 'Bluff Hunter', 'Pizza', 'Tri Java']",TRUE,Color
8059621,https://www.backcountry.com/timbuk2-closer-laptop-case,fog m the,N/A,N/A,"['Fog, M', 'Fog, S', 'Jet Black, M', 'Jet Black, S', 'Jet Black Static, M']",FALSE,size
8059621,https://www.backcountry.com/timbuk2-closer-laptop-case,fog m the,fog m,"Fog, M","['Fog, M', 'Fog, S', 'Jet Black, M', 'Jet Black, S', 'Jet Black Static, M']",TRUE,size
8853547,https://www.backcountry.com/thule-t2-pro-xt-2-bike-hitch-rack,"silver/black 2""","silver/black 2""","Silver/Black, 2in","['Black, 2in', 'Black, 1.25in', 'Silver/Black, 2in', 'Silver/Black, 1.25in']",TRUE,size
8853547,https://www.backcountry.com/thule-t2-pro-xt-2-bike-hitch-rack,"silver/black 2""","silver/black 2""","Silver/Black, 2in","['Black, 2in', 'Black, 1.25in', 'Silver/Black, 2in', 'Silver/Black, 1.25in']",TRUE,size
8872635,https://www.backcountry.com/thule-t2-pro-xt-2-bike-hitch-rack,"black 2""","black 2""","Black, 2in","['Black, 2in', 'Black, 1.25in', 'Silver/Black, 2in', 'Silver/Black, 1.25in']",TRUE,size
8872635,https://www.backcountry.com/thule-t2-pro-xt-2-bike-hitch-rack,"2"" black","2"" black","Black, 2in","['Black, 2in', 'Black, 1.25in', 'Silver/Black, 2in', 'Silver/Black, 1.25in']",TRUE,size
8872641,https://www.backcountry.com/thule-t2-pro-xt-2-bike-hitch-rack,"black 1.25""","black 1.25""","Black, 2in","['Black, 2in', 'Black, 1.25in', 'Silver/Black, 2in', 'Silver/Black, 1.25in']",TRUE,size
8872641,https://www.backcountry.com/thule-t2-pro-xt-2-bike-hitch-rack,"black 1.25""",black,Black  2in,"['Black  2in', 'Black  1.25in', 'Silver/Black  2in', 'Silver/Black  1.25in']",TRUE,size
8872924,https://www.backcountry.com/thule-t2-pro-xt-2-bike-hitch-rack-add-on,black,N/A,N/A,"['Black 2in', 'Silver/Black 2in']",FALSE,size
8872936,https://www.backcountry.com/thule-t2-pro-xt-2-bike-hitch-rack-add-on,silver/black,N/A,N/A,"['Black 2in', 'Silver/Black 2in']",FALSE,size
9121495,https://www.backcountry.com/thule-aeroblade-edge-raised-rail-load-bar-1-bar,s silver,s silver,Silver Ssale,"['Black Ssale', 'Silver Ssale', 'Black Msale', 'Silver Msale', 'Black Lsale', 'Silver Lsale', 'Black XLsale', 'Silver XLsale']",TRUE,size
9121495,https://www.backcountry.com/thule-aeroblade-edge-raised-rail-load-bar-1-bar,silver s,silver s,Silver Ssale,"['Black Ssale', 'Silver Ssale', 'Black Msale', 'Silver Msale', 'Black Lsale', 'Silver Lsale', 'Black XLsale', 'Silver XLsale']",TRUE,size
9121495,https://www.backcountry.com/thule-aeroblade-edge-raised-rail-load-bar-1-bar,s silver,s silver,Silver Ssale,"['Black Ssale', 'Silver Ssale', 'Black Msale', 'Silver Msale', 'Black Lsale', 'Silver Lsale', 'Black XLsale', 'Silver XLsale']",TRUE,size
9121502,https://www.backcountry.com/thule-aeroblade-edge-raised-rail-load-bar-1-bar,silver m,silver m,Silver Msale,"['Black Ssale', 'Silver Ssale', 'Black Msale', 'Silver Msale', 'Black Lsale', 'Silver Lsale', 'Black XLsale', 'Silver XLsale']",TRUE,style size
9121502,https://www.backcountry.com/thule-aeroblade-edge-raised-rail-load-bar-1-bar,m silver,m silver,Silver Ssale,"['Black Ssale', 'Silver Ssale', 'Black Msale', 'Silver Msale', 'Black Lsale', 'Silver Lsale', 'Black XLsale', 'Silver XLsale']",TRUE,Size/Color
9121502,https://www.backcountry.com/thule-aeroblade-edge-raised-rail-load-bar-1-bar,m silver,m silver,Silver Ssale,"['Black Ssale', 'Silver Ssale', 'Black Msale', 'Silver Msale', 'Black Lsale', 'Silver Lsale', 'Black XLsale', 'Silver XLsale']",TRUE,Size/Color
9121516,https://www.backcountry.com/thule-aeroblade-edge-raised-rail-load-bar-1-bar,silver l,silver l,Silver Lsale,"['Black Ssale', 'Silver Ssale', 'Black Msale', 'Silver Msale', 'Black Lsale', 'Silver Lsale', 'Black XLsale', 'Silver XLsale']",TRUE,Size/Color
9128985,https://www.backcountry.com/thule-airscreen,"black 38""","black 38""",Black 38insale,"['Black 52insale', 'Black 44insale', 'Black 38insale', 'Black 32insale']",TRUE,Size/Color
9128988,https://www.backcountry.com/thule-airscreen,"black 32""","black 32""",Black 32insale,"['Black 52insale', 'Black 44insale', 'Black 38insale', 'Black 32insale']",TRUE,Size/Color
9135072,https://www.backcountry.com/thule-load-stops,black 4 aero,black 4 aero,Aero One Sizesale,"['Square Bar One Sizesale', 'Aero One Sizesale']",TRUE,Size/Color
9158937,https://www.backcountry.com/thule-surfboard-pads,"black pad square 24""",black pad,Black 18insale,"['Black 18insale', 'Black 24insale']",TRUE,Size/Color
9158937,https://www.backcountry.com/thule-surfboard-pads,"pad black square 24""","pad black square 24""",Black 18insale,"['Black 18insale', 'Black 24insale']",TRUE,Size/Color
9158937,https://www.backcountry.com/thule-surfboard-pads,"pad square black 24""","pad square black 24""",Black 24insale,"['Black 18insale', 'Black 24insale']",TRUE,Size/Color
9243371,https://www.backcountry.com/thule-gutter-foot-packs?skid=THU0045-ONCO-LOW&ti=U2VhcmNoIFJlc3VsdHM6dGh1bGUgZ3V0dGVyIGZvb3QgcGFjayAzMDA6MToxOnRodWxlIGd1dHRlciBmb290IHBhY2sgMzAw,black,N/A,N/A,"['One Color Low Foot', 'One Color High Foot', 'One Color Super High Foot']",FALSE,Size/Color
9243371,https://www.backcountry.com/thule-gutter-foot-packs?skid=THU0045-ONCO-LOW&ti=U2VhcmNoIFJlc3VsdHM6dGh1bGUgZ3V0dGVyIGZvb3QgcGFjayAzMDA6MToxOnRodWxlIGd1dHRlciBmb290IHBhY2sgMzAw,black,N/A,N/A,"['One Color Low Foot', 'One Color High Foot', 'One Color Super High Foot']",FALSE,Size/Color
9243371,https://www.backcountry.com/thule-gutter-foot-packs?skid=THU0045-ONCO-LOW&ti=U2VhcmNoIFJlc3VsdHM6dGh1bGUgZ3V0dGVyIGZvb3QgcGFjayAzMDA6MToxOnRodWxlIGd1dHRlciBmb290IHBhY2sgMzAw,black,N/A,N/A,"['One Color Low Foot', 'One Color High Foot', 'One Color Super High Foot']",FALSE,Size/Color
4010553,https://www.backcountry.com/nrs-wrsi-current-pro-helmet,,N/A,N/A,"['Shamrock S/Msale', 'Shamrock M/Lsale', 'Shamrock L/XLsale', 'Phantom S/Msale', 'Phantom M/Lsale', 'Phantom L/XLsale', 'Fiesta S/Msale', 'Ghost S/Msale', 'Fiesta M/Lsale', 'Ghost M/Lsale', 'Fiesta L/XLsale', 'Ghost L/XLsale']",FALSE,Size/Color
4011131,https://www.backcountry.com/nrs-wrsi-moment-fullface-helmet-with-vents,,N/A,N/A,"['Flash S/Msale', 'Flash L/XLsale', 'Fiesta S/Msale', 'Phantom S/Msale', 'Fiesta M/Lsale', 'Phantom M/Lsale', 'Fiesta L/XLsale', 'Phantom L/XLsale']",FALSE,Size/Color
4248336,https://www.backcountry.com/timbuk2-rapid-backpack-854cu-in,25 lite super (prs race,single_case,Single_case,One Size,TRUE,Size
4248336,https://www.backcountry.com/timbuk2-rapid-backpack-854cu-in,25 lite super (prs race,single_case,Single_case,One Color,TRUE,Color
4010552,https://www.backcountry.com/nrs-wrsi-current-helmet,,N/A,N/A,"['Vapor S/Msale', 'Vapor M/Lsale', 'Ghost S/Msale', 'Island S/Msale', 'Mystic S/Msale', 'Island M/Lsale', 'Island L/XLsale', 'Phantom S/Msale', 'Fiesta M/Lsale', 'Phantom M/Lsale']",FALSE,Size/Color
4248336,https://www.backcountry.com/timbuk2-rapid-backpack-854cu-in,black jet os pack,single_case,Single_case,One Size,TRUE,Size
4248336,https://www.backcountry.com/timbuk2-rapid-backpack-854cu-in,black jet os pack,single_case,Single_case,Olivine,out of stock or don't care,Color
4427309,https://www.backcountry.com/nrs-ninja-type-iii-personal-flotation-device,life jacket,N/A,N/A,"['Black XXLsale', 'Red XXLsale', 'Red L/XLsale', 'Charcoal S/Msale', 'Charcoal L/XLsale', 'Charcoal XXLsale', 'Pink L/XLsale']",FALSE,Size/Color
4624073,https://www.backcountry.com/merrell-jungle-moc-leather-shoe-mens,mens brown mahogany ltr,N/A,N/A,"['8.0', '8.5', '9.0', '9.5', '10.0', '10.5', '11.0', '11.5', '12.0', '13.0', '14.0']",FALSE,Size
4624073,https://www.backcountry.com/merrell-jungle-moc-leather-shoe-mens,mens brown mahogany ltr,single_case,Single_case,Mahogany Brown,out of stock or don't care,Color
4624407,https://www.backcountry.com/merrell-jungle-moc-nubuck-shoe-mens,brown mens,N/A,N/A,"['8.0', '9.0', '9.5', '10.0', '10.5', '11.0', '11.5', '12.0', '13.0']",FALSE,Size
4624407,https://www.backcountry.com/merrell-jungle-moc-nubuck-shoe-mens,brown mens,N/A,N/A,"['Black', 'Brown']",FALSE,Color
4695681,https://www.backcountry.com/timbuk2-robin-laptop-backpack-1220cu-in,Robin Pack Jet Black OS,N/A,N/A,N/A,Failed to get the product,N/A
8872641,https://www.backcountry.com/thule-t2-pro-xt-2-bike-hitch-rack,"1.25"" black","1.25"" black",Black 1.25in,"['Black 2in', 'Black 1.25in', 'Silver/Black 2in', 'Silver/Black 1.25in']",TRUE,Size/Color
xxxx,xxxxxx,xxxxx,xxxx,xxxx,xxxxx,xxxxx,xxxxx
5666847,https://www.backcountry.com/ray-ban-jackie-ohh-ii-sunglasses,"60 tortoise/green classic,",single_case,Single_case,One Size,TRUE,Size
5666847,https://www.backcountry.com/ray-ban-jackie-ohh-ii-sunglasses,"60 tortoise/green classic,",single_case,Single_case,Light Havana/Poly Green,out of stock or don't care,Color
8872646,https://www.backcountry.com/thule-t2-pro-xt-2-bike-hitch-rack,1.25 silver/black,1.25 silver/black,Silver/Black 1.25in,"['Black 2in', 'Black 1.25in', 'Silver/Black 2in', 'Silver/Black 1.25in']",TRUE,Size/Color
9066710,https://www.backcountry.com/thule-aero-blade-load-bar-pair,"black 47""","black 47""",Black 43in,"['Black 43in', 'Silver 43in', 'Silver 47in']",TRUE,Size/Color
9066791,https://www.backcountry.com/thule-aero-blade-load-bar-pair,"silver 47""","silver 47""",Silver 47in,"['Black 43in', 'Silver 43in', 'Silver 47in']",TRUE,Size/Color
9066795,https://www.backcountry.com/thule-aero-blade-load-bar-pair,"53"" black","53"" black",Black 43in,"['Black 43in', 'Silver 43in', 'Silver 47in']",TRUE,Size/Color
9066797,https://www.backcountry.com/thule-aero-blade-load-bar-pair,"black 60""","black 60""",Black 43in,"['Black 43in', 'Silver 43in', 'Silver 47in']",TRUE,Size/Color
9096729,https://www.backcountry.com/thule-aeroblade-edge-flush-mount-load-bar-1-bar,silver m,silver m,Silver Msale,"['Silver Ssale', 'Silver XLsale', 'Black Ssale', 'Silver Msale', 'Black Msale', 'Silver Lsale', 'Black Lsale', 'Black XLsale']",TRUE,Size/Color
9121495,https://www.backcountry.com/thule-aeroblade-edge-raised-rail-load-bar-1-bar,s silver,s silver,Silver XLsale,"['Black Ssale', 'Silver Ssale', 'Black Msale', 'Silver Msale', 'Black Lsale', 'Silver Lsale', 'Black XLsale', 'Silver XLsale']",TRUE,Size/Color
9243371,https://www.backcountry.com/thule-gutter-foot-packs?skid=THU0045-ONCO-LOW&ti=U2VhcmNoIFJlc3VsdHM6dGh1bGUgZ3V0dGVyIGZvb3QgcGFjayAzMDA6MToxOnRodWxlIGd1dHRlciBmb290IHBhY2sgMzAw,black,N/A,N/A,"['One Color Low Foot', 'One Color High Foot', 'One Color Super High Foot']",FALSE,Size/Color
9243622,https://www.backcountry.com/thule-gutter-foot-packs?skid=THU0045-ONCO-LOW&ti=U2VhcmNoIFJlc3VsdHM6VEhVTEUgR1VUVEVSICBGT09UIFBBQ0sgMzg3OjE6MTpUSFVMRSBHVVRURVIgIEZPT1QgUEFDSyAzODc=,black high,N/A,N/A,"['One Color Low Foot', 'One Color High Foot', 'One Color Super High Foot']",FALSE,Size/Color
9243371,https://www.backcountry.com/thule-gutter-foot-packs?skid=THU0045-ONCO-LOW&ti=U2VhcmNoIFJlc3VsdHM6dGh1bGUgZ3V0dGVyIGZvb3QgcGFjayAzMDA6MToxOnRodWxlIGd1dHRlciBmb290IHBhY2sgMzAw,black,N/A,N/A,"['One Color Low Foot', 'One Color High Foot', 'One Color Super High Foot']",FALSE,Size/Color
9243622,https://www.backcountry.com/thule-gutter-foot-packs?skid=THU0045-ONCO-LOW&ti=U2VhcmNoIFJlc3VsdHM6VEhVTEUgR1VUVEVSICBGT09UIFBBQ0sgMzg3OjE6MTpUSFVMRSBHVVRURVIgIEZPT1QgUEFDSyAzODc=,high black,N/A,N/A,"['One Color Low Foot', 'One Color High Foot', 'One Color Super High Foot']",FALSE,Size/Color
9243622,https://www.backcountry.com/thule-gutter-foot-packs?skid=THU0045-ONCO-LOW&ti=U2VhcmNoIFJlc3VsdHM6VEhVTEUgR1VUVEVSICBGT09UIFBBQ0sgMzg3OjE6MTpUSFVMRSBHVVRURVIgIEZPT1QgUEFDSyAzODc=,black high,N/A,N/A,"['One Color Low Foot', 'One Color High Foot', 'One Color Super High Foot']",FALSE,Size/Color
9324050,https://www.backcountry.com/thule-podium-fit-kit-for-fixed-point-vehicles,4023,4023,4023 One Sizesale,"['3021 One Sizesale', '3024 One Sizesale', '3125 One Sizesale', '4021 One Sizesale', '3025 One Size', '3130 One Sizesale', '3146 One Sizesale', '3026 One Sizesale', '3142 One Sizesale', '4035 One Sizesale', '3028 One Sizesale', '4039 One Sizesale', '4041 One Sizesale', '4078 One Sizesale', '3038 One Sizesale', '3134 One Sizesale', '4072 One Sizesale', '3039 One Sizesale', '4047 One Sizesale', '3040 One Size', '4050 One Sizesale', '4060 One Sizesale', '3049 One Sizesale', '3145 One Sizesale', '4062 One Sizesale', '3063 One Sizesale', '3065 One Sizesale', '3067 One Sizesale', '3069 One Sizesale', '3071 One Sizesale', '3079 One Sizesale', '3083 One Sizesale', '3089 One Sizesale', '3093 One Sizesale', '3097 One Sizesale', '3098 One Sizesale', '3103 One Sizesale', '3116 One Sizesale', '4001 One Sizesale', '4002 One Sizesale', '4003 One Sizesale', '4004 One Size', '4005 One Sizesale', '4006 One Sizesale', '4014 One Sizesale', '4017 One Sizesale', '4023 One Sizesale', '4029 One Sizesale', '4030 One Sizesale']",TRUE,Size/Color
9243622,https://www.backcountry.com/thule-gutter-foot-packs?skid=THU0045-ONCO-LOW&ti=U2VhcmNoIFJlc3VsdHM6VEhVTEUgR1VUVEVSICBGT09UIFBBQ0sgMzg3OjE6MTpUSFVMRSBHVVRURVIgIEZPT1QgUEFDSyAzODc=,black high,N/A,N/A,"['One Color Low Foot', 'One Color High Foot', 'One Color Super High Foot']",FALSE,Size/Color
9243622,https://www.backcountry.com/thule-gutter-foot-packs?skid=THU0045-ONCO-LOW&ti=U2VhcmNoIFJlc3VsdHM6VEhVTEUgR1VUVEVSICBGT09UIFBBQ0sgMzg3OjE6MTpUSFVMRSBHVVRURVIgIEZPT1QgUEFDSyAzODc=,high black,high black,One Color Super High Foot,"['One Color Low Foot', 'One Color High Foot', 'One Color Super High Foot']",TRUE,Size/Color
9324050,https://www.backcountry.com/thule-podium-fit-kit-for-fixed-point-vehicles,4023,4023,4023 One Sizesale,"['3021 One Sizesale', '3024 One Sizesale', '3125 One Sizesale', '4021 One Sizesale', '3025 One Size', '3130 One Sizesale', '3146 One Sizesale', '3026 One Sizesale', '3142 One Sizesale', '4035 One Sizesale', '3028 One Sizesale', '4039 One Sizesale', '4041 One Sizesale', '4078 One Sizesale', '3038 One Sizesale', '3134 One Sizesale', '4072 One Sizesale', '3039 One Sizesale', '4047 One Sizesale', '3040 One Size', '4050 One Sizesale', '4060 One Sizesale', '3049 One Sizesale', '3145 One Sizesale', '4062 One Sizesale', '3063 One Sizesale', '3065 One Sizesale', '3067 One Sizesale', '3069 One Sizesale', '3071 One Sizesale', '3079 One Sizesale', '3083 One Sizesale', '3089 One Sizesale', '3093 One Sizesale', '3097 One Sizesale', '3098 One Sizesale', '3103 One Sizesale', '3116 One Sizesale', '4001 One Sizesale', '4002 One Sizesale', '4003 One Sizesale', '4004 One Size', '4005 One Sizesale', '4006 One Sizesale', '4014 One Sizesale', '4017 One Sizesale', '4023 One Sizesale', '4029 One Sizesale', '4030 One Sizesale']",TRUE,Size/Color
9324097,https://www.backcountry.com/thule-podium-fit-kit-for-fixed-point-vehicles,4029,4029,4029 One Sizesale,"['3021 One Sizesale', '3024 One Sizesale', '3125 One Sizesale', '4021 One Sizesale', '3025 One Size', '3130 One Sizesale', '3146 One Sizesale', '3026 One Sizesale', '3142 One Sizesale', '4035 One Sizesale', '3028 One Sizesale', '4039 One Sizesale', '4041 One Sizesale', '4078 One Sizesale', '3038 One Sizesale', '3134 One Sizesale', '4072 One Sizesale', '3039 One Sizesale', '4047 One Sizesale', '3040 One Size', '4050 One Sizesale', '4060 One Sizesale', '3049 One Sizesale', '3145 One Sizesale', '4062 One Sizesale', '3063 One Sizesale', '3065 One Sizesale', '3067 One Sizesale', '3069 One Sizesale', '3071 One Sizesale', '3079 One Sizesale', '3083 One Sizesale', '3089 One Sizesale', '3093 One Sizesale', '3097 One Sizesale', '3098 One Sizesale', '3103 One Sizesale', '3116 One Sizesale', '4001 One Sizesale', '4002 One Sizesale', '4003 One Sizesale', '4004 One Size', '4005 One Sizesale', '4006 One Sizesale', '4014 One Sizesale', '4017 One Sizesale', '4023 One Sizesale', '4029 One Sizesale', '4030 One Sizesale']",TRUE,Size/Color
9333505,https://www.backcountry.com/thule-bed-rider-add-on-block,bed rider black/silver add on,single_case,Single_case,"Black, One Size",TRUE,Size/Color
9243622,https://www.backcountry.com/thule-gutter-foot-packs?skid=THU0045-ONCO-LOW&ti=U2VhcmNoIFJlc3VsdHM6VEhVTEUgR1VUVEVSICBGT09UIFBBQ0sgMzg3OjE6MTpUSFVMRSBHVVRURVIgIEZPT1QgUEFDSyAzODc=,black high,black high,One Color Super High Foot,"['One Color Low Foot', 'One Color High Foot', 'One Color Super High Foot']",TRUE,Size/Color
9399460,https://www.backcountry.com/thule-locking-strap,straps black 10 ft,straps black 10 ft,One Color 10ftsale,"['One Color 10ftsale', 'One Color 13ftsale']",TRUE,Size/Color
9243622,https://www.backcountry.com/thule-gutter-foot-packs?skid=THU0045-ONCO-LOW&ti=U2VhcmNoIFJlc3VsdHM6VEhVTEUgR1VUVEVSICBGT09UIFBBQ0sgMzg3OjE6MTpUSFVMRSBHVVRURVIgIEZPT1QgUEFDSyAzODc=,black high,black high,One Color Super High Foot,"['One Color Low Foot', 'One Color High Foot', 'One Color Super High Foot']",TRUE,Size/Color
9404098,https://www.backcountry.com/thule-complete-crossroad-system,"rack crossroads bars 58"" railing black",N/A,N/A,"['One Color LB50sale', 'One Color LB58sale']",FALSE,Size/Color
9417043,https://www.backcountry.com/thule-load-bar-pair,"squarebar black 50""",single_case,Single_case,"One Color,50in",TRUE,Size/Color
9243622,https://www.backcountry.com/thule-gutter-foot-packs?skid=THU0045-ONCO-LOW&ti=U2VhcmNoIFJlc3VsdHM6VEhVTEUgR1VUVEVSICBGT09UIFBBQ0sgMzg3OjE6MTpUSFVMRSBHVVRURVIgIEZPT1QgUEFDSyAzODc=,high black,high black,One Color Super High Foot,"['One Color Low Foot', 'One Color High Foot', 'One Color Super High Foot']",TRUE,Size/Color
9418550,https://www.backcountry.com/thule-snug-tite-lock,receiver stl2 black,single_case,Single_case,One Size,TRUE,Size
9418550,https://www.backcountry.com/thule-snug-tite-lock,receiver stl2 black,single_case,Single_case,Snug-Tite,out of stock or don't care,Color
9430907,https://www.backcountry.com/thule-capstone-50-backpack-3050cu-in,men's atlantic hiking,single_case,Single_case,One Size,TRUE,Size
9430907,https://www.backcountry.com/thule-capstone-50-backpack-3050cu-in,men's atlantic hiking,men's atlantic hiking,Atlantic,"['Slickrock', 'Obsidian', 'Atlantic']",TRUE,Color
9431349,https://www.backcountry.com/thule-capstone-50-backpack-womens-3050cu-in,atlantic hiking,single_case,Single_case,One Size,TRUE,Size
9431349,https://www.backcountry.com/thule-capstone-50-backpack-womens-3050cu-in,atlantic hiking,atlantic hiking,Atlantic,"['Deep Teal', 'Atlantic']",TRUE,Color
9243622,https://www.backcountry.com/thule-gutter-foot-packs?skid=THU0045-ONCO-LOW&ti=U2VhcmNoIFJlc3VsdHM6VEhVTEUgR1VUVEVSICBGT09UIFBBQ0sgMzg3OjE6MTpUSFVMRSBHVVRURVIgIEZPT1QgUEFDSyAzODc=,high black,high black,One Color Super High Foot,"['One Color Low Foot', 'One Color High Foot', 'One Color Super High Foot']",TRUE,Size/Color
9431758,https://www.backcountry.com/thule-thru-axle-adapter,axle thru 20mm silver,axle thru 20mm silver,One Color 20mm,"['One Color 15mm', 'One Color 12mm', 'One Color 20mm', 'One Color Boost 15x110', 'One Color Lefty']",TRUE,Size/Color
9431762,https://www.backcountry.com/thule-thru-axle-adapter,axle 15mm silver/black thru,axle 15mm silver/black thru,One Color 15mm,"['One Color 15mm', 'One Color 12mm', 'One Color 20mm', 'One Color Boost 15x110', 'One Color Lefty']",TRUE,Size/Color
9441353,https://www.backcountry.com/thule-trail-cargo-basket?skid=THU005B-ONECOL-L&ti=U2VhcmNoIFJlc3VsdHM6VEhVTEUgODY0WFQ6MToxOlRIVUxFIDg2NFhU,large silver/black,N/A,N/A,"['One Color Lsale', 'One Color Msale']",FALSE,Size/Color
9441354,https://www.backcountry.com/thule-trail-cargo-basket?skid=THU005B-ONECOL-L&ti=U2VhcmNoIFJlc3VsdHM6VEhVTEUgODY0WFQ6MToxOlRIVUxFIDg2NFhU,medium silver/black,N/A,N/A,"['One Color Lsale', 'One Color Msale']",FALSE,Size/Color
9451041,https://www.backcountry.com/thule-podium-foot-packs,black pack rapid,single_case,Single_case,"One Color,Rapid Aerosale ",TRUE,Size/Color
9243622,https://www.backcountry.com/thule-gutter-foot-packs?skid=THU0045-ONCO-LOW&ti=U2VhcmNoIFJlc3VsdHM6VEhVTEUgR1VUVEVSICBGT09UIFBBQ0sgMzg3OjE6MTpUSFVMRSBHVVRURVIgIEZPT1QgUEFDSyAzODc=,Gutter High Foot Pack Black,N/A,N/A,N/A,Failed to get the product,N/A
9243622,https://www.backcountry.com/thule-gutter-foot-packs?skid=THU0045-ONCO-LOW&ti=U2VhcmNoIFJlc3VsdHM6VEhVTEUgR1VUVEVSICBGT09UIFBBQ0sgMzg3OjE6MTpUSFVMRSBHVVRURVIgIEZPT1QgUEFDSyAzODc=,high black,high black,One Color Super High Foot,"['One Color Low Foot', 'One Color High Foot', 'One Color Super High Foot']",TRUE,Size/Color
9461576,https://www.backcountry.com/thule-wheel-tray-end-caps,pack 2 cap black,single_case,Single_case,"One Color, One Size",TRUE,Size/Color
9506470,https://www.backcountry.com/timbuk2-closer-laptop-case,black m the jet,black m the jet,Jet Black M,"['Fog M', 'Fog S', 'Jet Black M', 'Jet Black S', 'Jet Black Static M']",TRUE,Size/Color
9512866,https://www.backcountry.com/thule-chariot-infant-sling-ctc000m,gray xt cheetah,single_case,Single_case,"One Color,One Sizesale ",TRUE,Size/Color
9581053,https://www.backcountry.com/thule-chariot-urban-glide-1-stroller,dark shad/slvr frame,dark shad/slvr frame,Dark Shadow/Silver Frame One Sizesale,"['Black/Black Frame One Sizesale', 'Dark Shadow/Silver Frame One Sizesale', 'Mars/Silver Frame One Sizesale', 'Thule Blue/Silver Frame One Sizesale']",TRUE,Size/Color
9243622,https://www.backcountry.com/thule-gutter-foot-packs?skid=THU0045-ONCO-LOW&ti=U2VhcmNoIFJlc3VsdHM6VEhVTEUgR1VUVEVSICBGT09UIFBBQ0sgMzg3OjE6MTpUSFVMRSBHVVRURVIgIEZPT1QgUEFDSyAzODc=,black high,black high,One Color Super High Foot,"['One Color Low Foot', 'One Color High Foot', 'One Color Super High Foot']",TRUE,Size/Color
9581053,https://www.backcountry.com/thule-chariot-urban-glide-1-stroller,dark frame shad/slvr,dark frame shad/slvr,Thule Blue/Silver Frame One Sizesale,"['Black/Black Frame One Sizesale', 'Dark Shadow/Silver Frame One Sizesale', 'Mars/Silver Frame One Sizesale', 'Thule Blue/Silver Frame One Sizesale']",TRUE,Size/Color
9583737,https://www.backcountry.com/thule-chariot-maxi-cosi-infant-car-seat-adapter-glide-urban-glide,cosi maxi black,single_case,Single_case,"Black,One Sizesale ",TRUE,Size/Color
9591047,https://www.backcountry.com/thule-rapid-traverse-foot-pack,black,single_case,Single_case,One Size,TRUE,Size
9591047,https://www.backcountry.com/thule-rapid-traverse-foot-pack,black,single_case,Single_case,One Color,TRUE,Color
9592356,https://www.backcountry.com/thule-chasm-duffel-1648-7933cu-in,70l m black,70l m black,Black M-70Lsale,"['Poseidon S-40Lsale', 'Poseidon L-90Lsale', 'Poseidon XL-130Lsale', 'Bluegrass S-40Lsale', 'Bluegrass M-70Lsale', 'Bluegrass L-90Lsale', 'Black S-40Lsale', 'Black M-70Lsale', 'Black XL-130Lsale', 'Roarange S-40Lsale', 'Roarange M-70Lsale', 'Roarange L-90Lsale', 'Roarange XL-130Lsale']",TRUE,Size/Color
9607489,https://www.backcountry.com/thule-chariot-urban-glide-1-stroller,frame blue/slvr,frame blue/slvr,Thule Blue/Silver Frame One Sizesale,"['Black/Black Frame One Sizesale', 'Dark Shadow/Silver Frame One Sizesale', 'Mars/Silver Frame One Sizesale', 'Thule Blue/Silver Frame One Sizesale']",TRUE,Size/Color
9243622,https://www.backcountry.com/thule-gutter-foot-packs?skid=THU0045-ONCO-LOW&ti=U2VhcmNoIFJlc3VsdHM6VEhVTEUgR1VUVEVSICBGT09UIFBBQ0sgMzg3OjE6MTpUSFVMRSBHVVRURVIgIEZPT1QgUEFDSyAzODc=,black high,black high,One Color Super High Foot,"['One Color Low Foot', 'One Color High Foot', 'One Color Super High Foot']",TRUE,Size/Color
9609121,https://www.backcountry.com/thule-crossover-rolling-duffel-3417cu-in,"Crossover Luggage 64cm/25"" BLACK",N/A,N/A,N/A,No monitored price found,N/A
9609121,https://www.backcountry.com/thule-crossover-rolling-duffel-3417cu-in,"carry 56cm/22"" black on","carry 56cm/22"" black on",Black One Sizesale,"['Black One Sizesale', 'Dark Blue One Sizesale']",TRUE,Size/Color
9609175,https://www.backcountry.com/thule-crossover-23-rolling-carry-on-2319cu-in,frame mars/silver,frame mars/silver,Mars/Silver Frame One Sizesale,"['Black/Black Frame One Sizesale', 'Dark Shadow/Silver Frame One Sizesale', 'Mars/Silver Frame One Sizesale', 'Thule Blue/Silver Frame One Sizesale']",TRUE,Size/Color
9243622,https://www.backcountry.com/thule-gutter-foot-packs?skid=THU0045-ONCO-LOW&ti=U2VhcmNoIFJlc3VsdHM6VEhVTEUgR1VUVEVSICBGT09UIFBBQ0sgMzg3OjE6MTpUSFVMRSBHVVRURVIgIEZPT1QgUEFDSyAzODc=,black high,black high,One Color Super High Foot,"['One Color Low Foot', 'One Color High Foot', 'One Color Super High Foot']",TRUE,Size/Color
9609121,https://www.backcountry.com/thule-crossover-rolling-duffel-3417cu-in,"Crossover Luggage 64cm/25"" BLACK",N/A,N/A,N/A,No monitored price found,N/A
9609121,https://www.backcountry.com/thule-crossover-rolling-duffel-3417cu-in,mars/silver frame,mars/silver frame,Mars/Silver Frame One Sizesale,"['Black/Black Frame One Sizesale', 'Dark Shadow/Silver Frame One Sizesale', 'Mars/Silver Frame One Sizesale', 'Thule Blue/Silver Frame One Sizesale']",TRUE,Size/Color
9618311,https://www.backcountry.com/thule-chariot-urban-glide-1-stroller,footmuff gray sport,N/A,N/A,"['Red One Size', 'Grey One Sizesale']",FALSE,Size/Color
9626708,https://www.backcountry.com/thule-chariot-all-season-bunting-bag,green,single_case,Single_case,"Cycle Green,One Sizesale ",TRUE,Size/Color
9626839,https://www.backcountry.com/thule-chariot-cadence-with-bicycle-trailer-kit,Cadence GREEN,N/A,N/A,N/A,No monitored price found,N/A
9609121,https://www.backcountry.com/thule-crossover-rolling-duffel-3417cu-in,"Crossover Luggage 64cm/25"" BLACK",N/A,N/A,N/A,Tool bar not loading properly,N/A
9609121,https://www.backcountry.com/thule-crossover-rolling-duffel-3417cu-in,"Crossover Luggage 64cm/25"" BLACK",N/A,N/A,N/A,Tool bar not loading properly,N/A
9609121,https://www.backcountry.com/thule-crossover-rolling-duffel-3417cu-in,"Crossover Luggage 64cm/25"" BLACK",N/A,N/A,N/A,Tool bar not loading properly,N/A
9609121,https://www.backcountry.com/thule-crossover-rolling-duffel-3417cu-in,"Crossover Luggage 64cm/25"" BLACK",N/A,N/A,N/A,Tool bar not loading properly,N/A
9609121,https://www.backcountry.com/thule-crossover-rolling-duffel-3417cu-in,"Crossover Luggage 64cm/25"" BLACK",N/A,N/A,N/A,No action link documented,N/A
9618311,https://www.backcountry.com/thule-chariot-urban-glide-1-stroller,Thule Urban Glide 2 Mars/Silver Frame,N/A,N/A,N/A,No action link documented,N/A
9626989,https://www.backcountry.com/thule-chariot-cheetah-2-with-stroller-kit,Chariot Cheetah XT 2 + Cycle/Stroll CHARTREUSE,N/A,N/A,N/A,No action link documented,N/A
9641008,https://www.backcountry.com/thule-chariot-glide-1-stroller,Thule Glide 2 Black/Silver Frame,N/A,N/A,N/A,No action link documented,N/A
9641763,https://www.backcountry.com/thule-capstone-50-backpack-3050cu-in,Capstone 50L Men's Hiking Backpack Obsidian,N/A,N/A,N/A,Tool bar not loading properly,N/A
9609121,https://www.backcountry.com/thule-crossover-rolling-duffel-3417cu-in,"Crossover Luggage 64cm/25"" BLACK",N/A,N/A,N/A,No action link documented,N/A
9618311,https://www.backcountry.com/thule-chariot-urban-glide-1-stroller,Thule Urban Glide 2 Mars/Silver Frame,N/A,N/A,N/A,No action link documented,N/A
9626989,https://www.backcountry.com/thule-chariot-cheetah-2-with-stroller-kit,Chariot Cheetah XT 2 + Cycle/Stroll CHARTREUSE,N/A,N/A,N/A,No action link documented,N/A
9641008,https://www.backcountry.com/thule-chariot-glide-1-stroller,Thule Glide 2 Black/Silver Frame,N/A,N/A,N/A,No action link documented,N/A
9641763,https://www.backcountry.com/thule-capstone-50-backpack-3050cu-in,Capstone 50L Men's Hiking Backpack Obsidian,N/A,N/A,N/A,No action link documented,N/A
9646959,https://www.backcountry.com/thule-wheel-strap,Wheel Straps Black,N/A,N/A,N/A,No action link documented,N/A
9647217,https://www.backcountry.com/thule-chariot-internal-hub-adapter,Internal Hub Hitch Adapter Sram Silver,N/A,N/A,N/A,No action link documented,N/A
9609121,https://www.backcountry.com/thule-crossover-rolling-duffel-3417cu-in,"Crossover Luggage 64cm/25"" BLACK",N/A,N/A,N/A,No action link documented,N/A
9609121,https://www.backcountry.com/thule-crossover-rolling-duffel-3417cu-in,"Crossover Luggage 64cm/25"" BLACK",N/A,N/A,N/A,cannot click to scout,N/A
9618311,https://www.backcountry.com/thule-chariot-urban-glide-1-stroller,Thule Urban Glide 2 Mars/Silver Frame,N/A,N/A,N/A,No action link documented,N/A
9609121,https://www.backcountry.com/thule-crossover-rolling-duffel-3417cu-in,"Crossover Luggage 64cm/25"" BLACK",N/A,N/A,N/A,cannot click to scout,N/A
9618311,https://www.backcountry.com/thule-chariot-urban-glide-1-stroller,Thule Urban Glide 2 Mars/Silver Frame,N/A,N/A,N/A,cannot click to scout,N/A
9609121,https://www.backcountry.com/thule-crossover-rolling-duffel-3417cu-in,"Crossover Luggage 64cm/25"" BLACK",N/A,N/A,N/A,cannot click to scout,N/A
9618311,https://www.backcountry.com/thule-chariot-urban-glide-1-stroller,Thule Urban Glide 2 Mars/Silver Frame,N/A,N/A,N/A,No action link documented,N/A
9609121,https://www.backcountry.com/thule-crossover-rolling-duffel-3417cu-in,"Crossover Luggage 64cm/25"" BLACK",N/A,N/A,N/A,cannot click to scout,N/A
9618311,https://www.backcountry.com/thule-chariot-urban-glide-1-stroller,Thule Urban Glide 2 Mars/Silver Frame,N/A,N/A,N/A,cannot click to scout,N/A
9626989,https://www.backcountry.com/thule-chariot-cheetah-2-with-stroller-kit,Chariot Cheetah XT 2 + Cycle/Stroll CHARTREUSE,N/A,N/A,N/A,cannot click to scout,N/A
9641008,https://www.backcountry.com/thule-chariot-glide-1-stroller,Thule Glide 2 Black/Silver Frame,N/A,N/A,N/A,No action link documented,N/A
9641763,https://www.backcountry.com/thule-capstone-50-backpack-3050cu-in,Capstone 50L Men's Hiking Backpack Obsidian,N/A,N/A,N/A,Tool bar not loading properly,N/A
9618311,https://www.backcountry.com/thule-chariot-urban-glide-1-stroller,frame mars/silver,frame mars/silver,Mars/Silver Frame One Size,"['Black/Black Frame One Size', 'Dark Shadow/Silver Frame One Size', 'Mars/Silver Frame One Size', 'Thule Blue/Silver Frame One Size']",TRUE,Size/Color
9626989,https://www.backcountry.com/thule-chariot-cheetah-2-with-stroller-kit,Chariot Cheetah XT 2 + Cycle/Stroll CHARTREUSE,N/A,N/A,N/A,cannot click to scout,N/A
9609121,https://www.backcountry.com/thule-crossover-rolling-duffel-3417cu-in,"black luggage 64cm/25""","black luggage 64cm/25""",Black One Size ,"['Dark Blue One Size ', 'Black One Size ']",TRUE,Size/Color
9626989,https://www.backcountry.com/thule-chariot-cheetah-2-with-stroller-kit,Chariot Cheetah XT 2 + Cycle/Stroll CHARTREUSE,N/A,N/A,N/A,cannot click to scout,N/A
9641763,https://www.backcountry.com/thule-capstone-50-backpack-3050cu-in,hiking men's obsidian,single_case,Single_case,One Size,TRUE,Size
9641763,https://www.backcountry.com/thule-capstone-50-backpack-3050cu-in,hiking men's obsidian,hiking men's obsidian,Obsidian,"['Slickrock', 'Obsidian', 'Atlantic']",TRUE,Color
9646959,https://www.backcountry.com/thule-wheel-strap,Wheel Straps Black,N/A,N/A,N/A,No action link documented,N/A
9647217,https://www.backcountry.com/thule-chariot-internal-hub-adapter,Internal Hub Hitch Adapter Sram Silver,N/A,N/A,N/A,No action link documented,N/A
9648793,https://www.backcountry.com/thule-chariot-rain-cover, cheetah xt 2, cheetah xt 2,One Color Cheetah 2 ,"['One Color Cheetah 1 ', 'One Color Cheetah 2 ']",TRUE,Size/Color
9653716,https://www.backcountry.com/thule-capstone-50-backpack-womens-3050cu-in,teal hiking deep,single_case,Single_case,One Size,TRUE,Size
9653716,https://www.backcountry.com/thule-capstone-50-backpack-womens-3050cu-in,teal hiking deep,teal hiking deep,Deep Teal,"['Deep Teal', 'Atlantic']",TRUE,Color
9716353,https://www.backcountry.com/thule-chariot-chariot-lock-kit,Chariot Lock Kit -Cross/Lite Black,N/A,N/A,N/A,Tool bar not loading properly,N/A
9734829,https://www.backcountry.com/thule-chariot-infant-sling,lite/cross gray,single_case,Single_case,"One Color,Chariot Cross /Chariot Lite ",TRUE,Size/Color
9755748,https://www.backcountry.com/thule-pack-n-pedal-shield-pannier,large cobalt,large cobalt,Cobalt L ,"['Black S ', 'Black L ', 'Cobalt S ', 'Cobalt L ', 'Chartreuse S ', 'Chartreuse L ']",TRUE,Size/Color
9762587,https://www.backcountry.com/thule-covert-dslr-rolltop-backpack,dark shadow rolltop,dark shadow rolltop,Dark Shadow One Size ,"['Dark Shadow One Size ', 'Mineral One Size ']",TRUE,Size/Color
9782421,https://www.backcountry.com/thule-crossover-22-upright-with-suiter-rolling-gear-bag-2747cu-in,"58cm/22"" black suiter with luggage",single_case,Single_case,"Black,One Size ",TRUE,Size/Color
9794589,https://www.backcountry.com/thule-roundtrip-single-snowboard-carrier,black 165cm bag,black 165cm bag,Black One Size ,"['Black One Size ', 'Poseidon One Size ']",TRUE,Size/Color
9832491,https://www.backcountry.com/thule-subterra-rolling-gear-bag-70cm-28in,"Subterra Luggage 70cm/28"" DARK SHADOW",N/A,N/A,N/A,cannot click to scout,N/A
9849895,https://www.backcountry.com/thule-subterra-30l-backpack-1831cu-in,ember,ember,Ember One Size ,"['Dark Shadow One Size ', 'Mineral One Size ', 'Ember One Size ']",TRUE,Size/Color
9983968,https://www.backcountry.com/thule-crossover-23-rolling-carry-on-2319cu-in,"blue dark carry 56cm/22"" on","blue dark carry 56cm/22"" on",Dark Blue One Size ,"['Black One Size ', 'Dark Blue One Size ']",TRUE,Size/Color
9987586,https://www.backcountry.com/thule-sapling-elite-child-carrier,dark shadow/slate,dark shadow/slate,Dark Shadow /Slate One Size ,"['Dark Shadow /Slate One Size ', 'Slate /Cobalt One Size ']",TRUE,Size/Color
10059447,https://www.backcountry.com/thule-xsporter-adaptors,black kit adapter xadapt1,black kit adapter xadapt1,Hull-a-Port T-Track Adapter Kit One Size ,"['589  590 Xsporter /Rapid Aero Bar Adapter One Size ', '599XTR  724  725 Xsporter /Rapid Aero Bar Adapter One Size ', '835XT Factory Crossbar Adapter One Size ', '532  91725 Xsporter /Rapid Aero Bar Adapter One Size ', '598  597 Xsporter /Rapid Aero Bar Adapter One Size ', '517  518  594 Xsporter /Rapid Aero Bar Adapter One Size ', 'Hull-a-Port T-Track Adapter Kit One Size ']",TRUE,Size/Color
10315561,https://www.backcountry.com/thule-xsporter-adaptors,Adapter Kit Xadapt2 Black,N/A,N/A,N/A,No action link documented,N/A
10315565,https://www.backcountry.com/thule-xsporter-adaptors,Adapter Kit Xadapt3 Black,N/A,N/A,N/A,No action link documented,N/A
10315577,https://www.backcountry.com/thule-xsporter-adaptors,Adapter Kit Xadapt7 Black,N/A,N/A,N/A,No action link documented,N/A
10315585,https://www.backcountry.com/thule-xsporter-adaptors,Adapter Kit Xadapt8 Black,N/A,N/A,N/A,No action link documented,N/A
10315593,https://www.backcountry.com/thule-xsporter-adaptors,Adapter Kit Xadapt9 Black,N/A,N/A,N/A,No action link documented,N/A
10315598,https://www.backcountry.com/thule-xsporter-adaptors,Adapter Kit Xadapt11 Black,N/A,N/A,N/A,No action link documented,N/A
10373088,https://www.backcountry.com/thule-aeroblade-edge-flush-mount-load-bar-1-bar,Aeroblade Edge Flush Mount S Silver,N/A,N/A,N/A,No action link documented,N/A
10454554,https://www.backcountry.com/thule-chasm-duffel-1648-7933cu-in,Chasm XL 130L Roarange,N/A,N/A,N/A,No action link documented,N/A
10454618,https://www.backcountry.com/thule-chasm-duffel-1648-7933cu-in,Chasm S 40L Black,N/A,N/A,N/A,No action link documented,N/A
10465951,https://www.backcountry.com/thule-capstone-32-backpack-1952cu-in,Capstone 32L Men's Hiking Backpack Obsidian,N/A,N/A,N/A,No action link documented,N/A
10468612,https://www.backcountry.com/thule-chariot-urban-glide-2-stroller,Thule Urban Glide 2 Double Black/Silver Frame,N/A,N/A,N/A,No action link documented,N/A
10517842,https://www.backcountry.com/thule-chariot-internal-hub-adapter,Internal Hub Hitch Adapter Shimano Silver,N/A,N/A,N/A,No action link documented,N/A
10624641,https://www.backcountry.com/thule-locking-strap,Locking Straps (13 ft) Black,N/A,N/A,N/A,No action link documented,N/A
10639728,https://www.backcountry.com/thule-chasm-duffel-1648-7933cu-in,Chasm S 40L Poseidon,N/A,N/A,N/A,No action link documented,N/A
10652982,https://www.backcountry.com/timbuk2-closer-laptop-case,The Closer Case Jet Black Static M,N/A,N/A,N/A,No action link documented,N/A
10652985,https://www.backcountry.com/thule-covert-dslr-rolltop-backpack,Covert DSLR Rolltop Backpack MINERAL,N/A,N/A,N/A,No action link documented,N/A
10694476,https://www.backcountry.com/thule-subterra-45l-duffel,Subterra Duffel 45L DARK SHADOW,N/A,N/A,N/A,No action link documented,N/A
10730338,https://www.backcountry.com/thule-chariot-rain-cover,Rain Cover- Cheetah XT 1,N/A,N/A,N/A,No action link documented,N/A
10744449,https://www.backcountry.com/thule-vea-17l-backpack,VEA Backpack 17L LIGHT NAVY,N/A,N/A,N/A,No action link documented,N/A
10756409,https://www.backcountry.com/thule-pack-n-pedal-shield-pannier,Shield Pannier Small BLACK,N/A,N/A,N/A,No action link documented,N/A
10756937,https://www.backcountry.com/thule-alltrail-45l-backpack-mens,AllTrail Men's Hiking Backpack 45L Obsidian,N/A,N/A,N/A,No action link documented,N/A
10763186,https://www.backcountry.com/thule-chasm-duffel-1648-7933cu-in,Chasm S 40L Bluegrass,N/A,N/A,N/A,No action link documented,N/A
10766662,https://www.backcountry.com/timbuk2-authority-laptop-backpack-1709cu-in?avad=234081_e1315e535&PubID=184173,The Authority Pack Jet Black Static OS,N/A,N/A,N/A,No action link documented,N/A
10770232,https://www.backcountry.com/thule-capstone-50-backpack-3050cu-in,Capstone 50L Men's Hiking Backpack Slickrock,N/A,N/A,N/A,No action link documented,N/A
10797686,https://www.backcountry.com/thule-pack-n-pedal-shield-pannier,Shield Pannier Large CHARTREUSE,N/A,N/A,N/A,No action link documented,N/A
10797949,https://www.backcountry.com/thule-pack-n-pedal-shield-pannier,Shield Pannier Small COBALT,N/A,N/A,N/A,No action link documented,N/A
10809698,https://www.backcountry.com/thule-proride-fat-bike-adapter,Proride Fat Bike Adapter Black,N/A,N/A,N/A,No action link documented,N/A
10821646,https://www.backcountry.com/thule-chariot-ridealong-mini-child-bike-seat,Ridealong Bike Seat Light Gray,N/A,N/A,N/A,No action link documented,N/A
10835610,https://www.backcountry.com/thule-subterra-carry-on-rolling-gear-bag-55cm-22in,"Subterra Carry-on 55cm/22"" MINERAL",N/A,N/A,N/A,No action link documented,N/A
10842628,https://www.backcountry.com/thule-surfboard-pads,"18"" Surf Pad - Square Black",N/A,N/A,N/A,No action link documented,N/A
10852346,https://www.backcountry.com/thule-stir-28l-hiking-backpack-mens,Stir 28L Men's Hiking Pack Dark Shadow,N/A,N/A,N/A,No action link documented,N/A
10852371,https://www.backcountry.com/thule-stir-28l-hiking-backpack-mens,Stir 28L Men's Hiking Pack Dark Forest,N/A,N/A,N/A,No action link documented,N/A
10997501,https://www.backcountry.com/thule-chasm-duffel-1648-7933cu-in,Chasm S 40L Roarange,N/A,N/A,N/A,No action link documented,N/A
11045528,https://www.backcountry.com/thule-vea-21l-backpack,VEA Backpack 21L Black,N/A,N/A,N/A,No action link documented,N/A
11046339,https://www.backcountry.com/thule-subterra-carry-on-rolling-gear-bag-55cm-22in,"Subterra Carry-on 55cm/22"" EMBER",N/A,N/A,N/A,No action link documented,N/A
11048279,https://www.backcountry.com/thule-chasm-duffel-1648-7933cu-in,black 90l l,black 90l l,Roarange L-90L ,"['Poseidon S-40L ', 'Poseidon L-90L ', 'Poseidon XL-130L ', 'Bluegrass S-40L ', 'Bluegrass M-70L ', 'Bluegrass L-90L ', 'Black S-40L ', 'Black M-70L ', 'Black XL-130L ', 'Roarange S-40L ', 'Roarange M-70L ', 'Roarange L-90L ', 'Roarange XL-130L ']",TRUE,Size/Color
10315577,https://www.backcountry.com/thule-xsporter-adaptors,black kit xadapt7 adapter,black kit xadapt7 adapter,Hull-a-Port T-Track Adapter Kit One Size ,"['589  590 Xsporter /Rapid Aero Bar Adapter One Size ', '599XTR  724  725 Xsporter /Rapid Aero Bar Adapter One Size ', '835XT Factory Crossbar Adapter One Size ', '532  91725 Xsporter /Rapid Aero Bar Adapter One Size ', '598  597 Xsporter /Rapid Aero Bar Adapter One Size ', '517  518  594 Xsporter /Rapid Aero Bar Adapter One Size ', 'Hull-a-Port T-Track Adapter Kit One Size ']",TRUE,Size/Color
10465951,https://www.backcountry.com/thule-capstone-32-backpack-1952cu-in,hiking obsidian men's,single_case,Single_case,One Size,TRUE,Size
10465951,https://www.backcountry.com/thule-capstone-32-backpack-1952cu-in,hiking obsidian men's,hiking obsidian men's,Obsidian,"['Obsidian', 'Atlantic']",TRUE,Color
12205248,https://www.backcountry.com/wtb-vigilante-tcs-tough-hg-tire-27.5,"high 2.3 tire grip 27.5""",single_case,Single_case,"Black, 27.5x2.30 ",out of stock or don't care,Size/Color
12206038,https://www.backcountry.com/wtb-convict-tcs-light-hg-tire-27.5in,"27.5"" grip high 2.5",single_case,Single_case,"Black,27.5x2.50",out of stock or don't care,Size/Color
12206072,https://www.backcountry.com/wtb-ranger-tcs-light-fr-tire-27.5-plus,"roll 3.0 fast 27.5""","roll 3.0 fast 27.5""",Black 27.5x3.0 ,"['Black 27.5x2.8 ', 'Black 27.5x3.0 ']",TRUE,Size/Color
12206804,https://www.backcountry.com/wtb-volt-comp-135-saddle-with-steel-rails,135 black,135 black,Black 135mm ,"['Black 135mm ', 'Black  142mm ', 'Black 150mm ']",TRUE,Size/Color
12207590,https://www.backcountry.com/wtb-riddler-45c-tcs-light-tire-tubeless,fast 37c x 700 roll,fast 37c x 700 roll,Black  700x37c ,"['Black  700x45c ', 'Black  700x37c ']",TRUE,Size/Color
12217077,https://www.backcountry.com/wtb-deva-team-saddle,,single_case,Single_case,"Black,142mm ",out of stock or don't care,Size/Color
12435790,https://www.backcountry.com/wtb-ranger-tcs-light-fr-tire-27.5-plus,"27.5"" roll 2.8 fast","27.5"" roll 2.8 fast",Black 27.5x2.8 ,"['Black 27.5x2.8 ', 'Black 27.5x3.0 ']",TRUE,Size/Color
12642241,https://www.backcountry.com/volcom-fricken-modern-stretch-chino-pant-mens,stret,N/A,N/A,"['28x30', '28x32', '29x30', '29x32', '30x30', '30x32', '31x30', '31x32', '32x30', '32x32', '32x34', '33x30', '33x32', '34x30', '34x32', '34x34', '36x30', '36x32', '38x30', '38x32']",FALSE,Size
12642241,https://www.backcountry.com/volcom-fricken-modern-stretch-chino-pant-mens,stret,N/A,N/A,"['Black', 'Blue', 'Charcoal', 'Charcoal Heather', 'Cowhide', 'Dark Navy', 'Faded Army', 'Khaki', 'Vineyard Green', 'Mushroom']",FALSE,Color
12644798,https://www.backcountry.com/volcom-frickin-chino-short-mens,,N/A,N/A,"['30', '31', '32', '33', '34', '36', '38']",FALSE,Size
12644798,https://www.backcountry.com/volcom-frickin-chino-short-mens,,N/A,N/A,"['Dark Khaki', 'Mushroom', 'Charcoal Heather', 'Black', 'Dark Navy']",FALSE,Color
12748689,https://www.backcountry.com/thule-podium-fit-kit-for-fixed-point-vehicles,4047,4047,4047 One Size ,"['3021 One Size ', '3024 One Size ', '3125 One Size ', '4021 One Size ', '3025 One Size', '3130 One Size ', '3146 One Size ', '3026 One Size ', '3142 One Size ', '4035 One Size ', '3028 One Size ', '4039 One Size ', '4041 One Size ', '4078 One Size ', '3038 One Size ', '3134 One Size ', '4072 One Size ', '3039 One Size ', '4047 One Size ', '3040 One Size', '4050 One Size ', '4060 One Size ', '3049 One Size ', '3145 One Size ', '4062 One Size ', '3063 One Size ', '3065 One Size ', '3067 One Size ', '3069 One Size ', '3071 One Size ', '3079 One Size ', '3083 One Size ', '3089 One Size ', '3093 One Size ', '3097 One Size ', '3098 One Size ', '3103 One Size ', '3116 One Size ', '4001 One Size ', '4002 One Size ', '4003 One Size ', '4004 One Size', '4005 One Size ', '4006 One Size ', '4014 One Size ', '4017 One Size ', '4023 One Size ', '4029 One Size ', '4030 One Size ']",TRUE,Size/Color
12808283,https://www.backcountry.com/wtb-deva-pro-saddle,,single_case,Single_case,"Black, 142mm ",out of stock or don't care,Size/Color
12816536,https://www.backcountry.com/thule-rapid-crossroad-railing-foot-pack,black,single_case,Single_case,One Size,TRUE,Size
12816536,https://www.backcountry.com/thule-rapid-crossroad-railing-foot-pack,black,single_case,Single_case,One Color,TRUE,Color
12834652,https://www.backcountry.com/timbuk2-goody-box,black m jet,black m jet,Jet Black M ,"['Flame M ', 'Jet Black S ', 'Jet Black M ', 'Intensity S ']",TRUE,Size/Color
12855770,https://www.backcountry.com/thule-podium-fit-kit-for-fixed-point-vehicles,3069,3069,3069 One Size ,"['3021 One Size ', '3024 One Size ', '3125 One Size ', '4021 One Size ', '3025 One Size', '3130 One Size ', '3146 One Size ', '3026 One Size ', '3142 One Size ', '4035 One Size ', '3028 One Size ', '4039 One Size ', '4041 One Size ', '4078 One Size ', '3038 One Size ', '3134 One Size ', '4072 One Size ', '3039 One Size ', '4047 One Size ', '3040 One Size', '4050 One Size ', '4060 One Size ', '3049 One Size ', '3145 One Size ', '4062 One Size ', '3063 One Size ', '3065 One Size ', '3067 One Size ', '3069 One Size ', '3071 One Size ', '3079 One Size ', '3083 One Size ', '3089 One Size ', '3093 One Size ', '3097 One Size ', '3098 One Size ', '3103 One Size ', '3116 One Size ', '4001 One Size ', '4002 One Size ', '4003 One Size ', '4004 One Size', '4005 One Size ', '4006 One Size ', '4014 One Size ', '4017 One Size ', '4023 One Size ', '4029 One Size ', '4030 One Size ']",TRUE,Size/Color
12970821,https://www.backcountry.com/timbuk2-seat-pack-xt,black s jet,black s jet,Jet Black S ,"['Jet Black Reflective M ', 'Jet Black Reflective S ', 'Jet Black S ']",TRUE,Size/Color
12973636,https://www.backcountry.com/wtb-trail-boss-tcs-light-fr-tire-27.5,"2.4 27.5"" fast guard slash rolling light/tritec","2.4 27.5"" fast guard slash rolling light/tritec",Black  27.5x2.40 ,"['Black  27.5x2.25 ', 'Black  27.5x2.40 ']",TRUE,Size/Color
12973691,https://www.backcountry.com/wtb-trail-boss-tcs-light-fr-tire-27.5-plus,"3.0 27.5"" roll fast",single_case,Single_case,"Black,27.5x3.0 ",out of stock or don't care,Size/Color
12973713,https://www.backcountry.com/wtb-vigilante-tcs-tough-fr-tire-27.5,"27.5"" roll 2.3 fast",single_case,Single_case,"Black, 27.5x2.30 ",out of stock or don't care,Size/Color
12991770,https://www.backcountry.com/ugg-ascot-slipper-mens,"tea, china",N/A,N/A,"['7.0', '8.0', '9.0', '10.0', '11.0', '12.0', '13.0', '14.0']",FALSE,Size
12991770,https://www.backcountry.com/ugg-ascot-slipper-mens,"tea, china","tea, china",China Tea,"['China Tea', 'Black Leather', 'Charcoal (Suede)', 'Chestnut (Suede)', 'Black']",TRUE,Color
13104247,https://www.backcountry.com/yakima-fulltilt-5,FULLTILT 5,N/A,N/A,N/A,No action link documented,N/A
12808283,https://www.backcountry.com/wtb-deva-pro-saddle,,single_case,Single_case,"Black, 142mm ",out of stock or don't care,Size/Color
13104247,https://www.backcountry.com/yakima-fulltilt-5,,single_case,Single_case,"One Color,One Size ",True,Size/Color
13107502,https://www.backcountry.com/yakima-fourtimer-hitch-rack,,single_case,Single_case,"Black,One Size ",True,Size/Color
13206822,https://www.backcountry.com/werner-camano-paddle-carbon-blade-straight-carbon-shaft,std 2pc 230,std 2pc 230,Black Standard 230cm ,"['Black Standard 230cm ', 'Black Standard 240cm ']",True,Size/Color
13207718,https://www.backcountry.com/werner-corryvrecken-2-piece-paddle-fiber-glass-blades-straight-fiber-glass-shaft,2pc std corryvreckan red 210,2pc std corryvreckan red 210,Red Standard 210cm ,"['Gradient Citrus Standard 220cm ', 'Amber Standard 210cm ', 'Amber Standard 220cm ', 'Red Standard 210cm ', 'Gradient Abyss Standard 220cm ']",True,Size/Color
13210555,https://www.backcountry.com/werner-powerhouse-one-piece-premium-ww-paddle-straight-shaft,POWERHOUSE 1PC STRAIGHT STD 197 R30 RED,N/A,N/A,N/A,No action link documented,N/A
13257880,https://www.backcountry.com/werner-tybee-fg-im-2-piece-paddle-straight-shaft-wer0081,TYBEE FG 2PC STRAIGHT STD 215 YELLOW,N/A,N/A,N/A,No action link documented,N/A
13258269,https://www.backcountry.com/werner-tybee-fg-im-hooked-paddle-straight-shaft,TYBEE FG 2PC STRAIGHT STD 240 BROWN,N/A,N/A,N/A,No action link documented,N/A
13317607,https://www.backcountry.com/timbuk2-quest-rolling-duffel-bag,Quest Rolling Duffel Jet Black M,N/A,N/A,N/A,No action link documented,N/A
13351786,https://www.backcountry.com/ugg-miranda-robe-womens,"MIRANDA SEAGULL, WOMEN'S",N/A,N/A,N/A,No action link documented,N/A
13431174,https://www.backcountry.com/ugg-duffield-throw-blanket,DUFFIELD THROW INDIGO,N/A,N/A,N/A,No action link documented,N/A
13431513,https://www.backcountry.com/ugg-duffield-throw-blanket,DUFFIELD THROW STORMY GREY,N/A,N/A,N/A,No action link documented,N/A
13431613,https://www.backcountry.com/ugg-duffield-throw-blanket,DUFFIELD THROW SEAL HEATHER,N/A,N/A,N/A,No action link documented,N/A
13462178,https://www.backcountry.com/werner-tybee-fg-im-hooked-paddle-straight-shaft,TYBEE FG 2PC STRAIGHT STD 250 BROWN,N/A,N/A,N/A,No action link documented,N/A
13521647,https://www.backcountry.com/werner-ikelos-paddle-carbon-blade-straight-carbon-shaft,IKELOS 2PC STRAIGHT STD 210,N/A,N/A,N/A,No action link documented,N/A
13546563,https://www.backcountry.com/werner-skagit-fg-im-2-piece-paddle-straight-shaft,SKAGIT FG 2PC STRAIGHT STD 220 YELLOW,N/A,N/A,N/A,Tool bar not loading properly,N/A
12808283,https://www.backcountry.com/wtb-deva-pro-saddle,,single_case,Single_case,"Black, 142mm ",out of stock or don't care,Size/Color
13210555,https://www.backcountry.com/werner-powerhouse-one-piece-premium-ww-paddle-straight-shaft,197 r30 1pc std red,197 r30 1pc std red,Red Standard 197-R30 ,"['Topo Eagle Falls Green Standard 194-R30 ', 'Topo Eagle Falls Green Standard 197-R30 ', 'Topo Eagle Falls Green Standard 200-R30 ', 'Red Standard 194-R30 ', 'Red Standard 197-R30 ', 'Red Standard 200-R30 ', 'Red Standard 194-R45 ']",True,Size/Color
13257880,https://www.backcountry.com/werner-tybee-fg-im-2-piece-paddle-straight-shaft-wer0081,std 2pc 215 yellow,std 2pc 215 yellow,Yellow Standard 215cm ,"['Yellow Standard 215cm ', 'Yellow Standard 220cm ', 'Yellow Standard 205cm ', 'Yellow Standard 230cm ', 'Yellow Standard 240cm ']",True,Size/Color
13258269,https://www.backcountry.com/werner-tybee-fg-im-hooked-paddle-straight-shaft,brown 2pc std 240,brown 2pc std 240,Brown Standard 240 ,"['Brown Standard 240 ', 'Brown Standard 250 ', 'Orange Standard 250 ', 'Brown Standard 260 ']",True,Size/Color
13317607,https://www.backcountry.com/timbuk2-quest-rolling-duffel-bag,black m jet,black m jet,Jet Black  M,"['Surplus  M', 'Jet Black  M']",True,Size/Color
13351786,https://www.backcountry.com/ugg-miranda-robe-womens,"seagull,",N/A,N/A,"['XS', 'S', 'M', 'L']",False,Size
13351786,https://www.backcountry.com/ugg-miranda-robe-womens,"seagull,","seagull,",Seagull,"['Moonbeam', 'Seagull', 'Port']",True,Color
13431174,https://www.backcountry.com/ugg-duffield-throw-blanket,indigo,N/A,N/A,"['Seal Heather One Size', 'Oatmeal Heather One Size', 'Black Bear Heather One Size', 'Pink /Dawn One Size', 'Seashell Pink One Size']",False,Size/Color
13431513,https://www.backcountry.com/ugg-duffield-throw-blanket,stormy grey,N/A,N/A,"['Seal Heather One Size', 'Oatmeal Heather One Size', 'Black Bear Heather One Size', 'Pink /Dawn One Size', 'Seashell Pink One Size']",False,Size/Color
13431613,https://www.backcountry.com/ugg-duffield-throw-blanket,heather seal,heather seal,Seal Heather One Size,"['Seal Heather One Size', 'Oatmeal Heather One Size', 'Black Bear Heather One Size', 'Pink /Dawn One Size', 'Seashell Pink One Size']",True,Size/Color
13462178,https://www.backcountry.com/werner-tybee-fg-im-hooked-paddle-straight-shaft,brown 2pc std 250,brown 2pc std 250,Brown Standard 250 ,"['Brown Standard 240 ', 'Brown Standard 250 ', 'Orange Standard 250 ', 'Brown Standard 260 ']",True,Size/Color
13521647,https://www.backcountry.com/werner-ikelos-paddle-carbon-blade-straight-carbon-shaft,210 2pc std,210 2pc std,Black Standard 210cm ,"['Black Standard 210cm ', 'Black Standard 220cm ', 'Black Standard 205cm ']",True,Size/Color
13546563,https://www.backcountry.com/werner-skagit-fg-im-2-piece-paddle-straight-shaft,220 2pc std yellow,220 2pc std yellow,Yellow Standard 220cm ,"['Yellow Standard 220cm ', 'Yellow Standard 230cm ', 'Yellow Standard 240cm ']",True,Size/Color
13659590,https://www.backcountry.com/timbuk2-mission-sling,olivine os,olivine os,Olivine  One Size,"['Blue Wish  One Size', 'Golden  One Size', 'Olivine  One Size']",True,Size/Color
13748385,https://www.backcountry.com/timbuk2-swig-laptop-bag,black jet os,black jet os,Track  One Size,"['Arcade  One Size', 'Bookish  One Size', 'Cloud  One Size', 'Rebel  One Size', 'Lightbeam  One Size', 'Track  One Size']",True,Size/Color
13752804,https://www.backcountry.com/timbuk2-tote-rucksack,black jet os,N/A,N/A,"['Army  One Size', 'Atmosphere Lug  One Size', 'Shade  One Size']",False,Size/Color
13781030,https://www.backcountry.com/yakima-holdup-evo-hitch-rack,"2""",N/A,N/A,"['Black 2in ', 'Black 1.25in ']",False,Size/Color
13848779,https://www.backcountry.com/thule-board-shuttle?skid=THU001X-ONECOL-ONESIZ&ti=UExQIENhdDpTdXJmIENhciBSYWNrczoxOjIwOmJjLXN1cmYtY2FyLXJhY2tz,gray,single_case,Single_case,"One Color,One Size ",True,Size/Color
14229018,https://www.backcountry.com/yes.-jackpot-snowboard,2019 yes,N/A,N/A,"['One Color  152cm ', 'One Color  156cm ']",False,Size/Color
14245961,https://www.backcountry.com/yes.-pick-your-line-snowboard,YES Snowboard Pick Your Line - 2019,N/A,N/A,N/A,No action link documented,N/A
14544964,https://www.backcountry.com/werner-camano-2-piece-hooked-paddle-straight-shaft,green 20 leverlock 240 2pc bass std,green 20 leverlock 240 2pc bass std,Bass Green Standard 240 ,"['Catch Lime Standard 230 ', 'Catch Lime Standard 240 ', 'Catch Lime Standard 250 ', 'Catch Lime Standard 260 ', 'Trophy Charcoal Standard 230 ', 'Redfish Golden Standard 230 ', 'Redfish Golden Standard 240 ', 'Redfish Golden Standard 250 ', 'Redfish Golden Standard 260 ', 'Bass Green Standard 240 ']",True,Size/Color
14614466,https://www.backcountry.com/werner-shuna-2-piece-hooked-paddle-straight-shaft,2pc peacock bass 250 std,2pc peacock bass 250 std,Bass Peacock Standard 250 ,"['Bass Peacock Standard 240 ', 'Bass Peacock Standard 250 ', 'Trophy Charcoal Standard 230 ', 'Trophy Charcoal Standard 240 ', 'Trophy Charcoal Standard 250 ', 'Redfish Golden Standard 230 ', 'Redfish Golden Standard 240 ', 'Bass Green Standard 240 ', 'Bass Green Standard 250 ']",True,Size/Color
14628014,https://www.backcountry.com/wtb-ranger-tcs-tritec-tire-29in,"slash rolling light/tritec guard 29"" 2.4 fast","slash rolling light/tritec guard 29"" 2.4 fast",Black  Light /Fast Rolling  Slash Guard  29x2.4 ,"['Black  Tough /Fast Rolling  29x2.4 ', 'Black  Light /High Grip  Slash Guard  29x2.4 ', 'Black  Light /Fast Rolling  Slash Guard  29x2.4 ']",True,Size/Color
14690314,https://www.backcountry.com/wtb-ranger-tcs-tritec-tire-29in,"high slash light/tritec guard 29"" 2.4 grip","high slash light/tritec guard 29"" 2.4 grip",Black  Light /Fast Rolling  Slash Guard  29x2.4 ,"['Black  Tough /Fast Rolling  29x2.4 ', 'Black  Light /High Grip  Slash Guard  29x2.4 ', 'Black  Light /Fast Rolling  Slash Guard  29x2.4 ']",True,Size/Color
14690364,https://www.backcountry.com/wtb-ranger-tcs-tritec-tire-29in,"rolling tough/tritec 29"" 2.4 fast","rolling tough/tritec 29"" 2.4 fast",Black  Light /Fast Rolling  Slash Guard  29x2.4 ,"['Black  Tough /Fast Rolling  29x2.4 ', 'Black  Light /High Grip  Slash Guard  29x2.4 ', 'Black  Light /Fast Rolling  Slash Guard  29x2.4 ']",True,Size/Color
14894203,https://www.backcountry.com/yakima-holdup-evo-hitch-rack,"HOLDUP EVO 1 1/4""",N/A,N/A,N/A,No action link documented,N/A
14995964,https://www.backcountry.com/thule-chariot-12mm-axle-adapter,12mm Thru Axle Adapter Silver,N/A,N/A,N/A,Tool bar not loading properly,N/A
14245961,https://www.backcountry.com/yes.-pick-your-line-snowboard,YES Snowboard Pick Your Line - 2019,N/A,N/A,N/A,Failed to get the product,N/A
14894203,https://www.backcountry.com/yakima-holdup-evo-hitch-rack,"1 1/4""",N/A,N/A,"['Black 2in ', 'Black 1.25in ']",False,Size/Color
16179165,https://www.backcountry.com/trigger-point-charge-vibe-foam-roller,"7"" triggerpoint massage",single_case,Single_case,"Blue, 7",out of stock or don't care,Size/Color
16194146,https://www.backcountry.com/werner-camano-2-piece-paddle-glass-blades-straight-fiberglass-shaft,std 2pc 220 gradient sunset,std 2pc 220 gradient sunset,Gradient Sunset Standard 220cm ,"['Gradient Citrus Standard 230cm ', 'Gradient Citrus Standard 240cm ', 'Gradient Sunset Standard 220cm ', 'Gradient Sunset Standard 230cm ', 'Gradient Sunset Standard 240cm ', 'Red Standard 220cm ', 'Red Standard 230cm ', 'Red Standard 240cm ', 'Amber Standard 230cm ', 'Amber Standard 240cm ', 'Gradient Abyss Standard 240cm ']",True,Size/Color
16204649,https://www.backcountry.com/trigger-point-carbon-foam-roller,"13"" triggerpoint","13"" triggerpoint",Black 13,"['Black 13', 'Black 26']",True,Size/Color
16204667,https://www.backcountry.com/trigger-point-carbon-foam-roller,"triggerpoint 26""","triggerpoint 26""",Black 26,"['Black 13', 'Black 26']",True,Size/Color
16205379,https://www.backcountry.com/trigger-point-stk-grip-massage-stick,handheld triggerpoint roller,single_case,Single_case,"Black /Yellow,One Size",True,Size/Color
16205453,https://www.backcountry.com/trigger-point-charge-foam-roller,"13"" triggerpoint ridged",single_case,Single_case,"Blue,13",out of stock or don't care,Size/Color
16323496,https://www.backcountry.com/trigger-point-core-foam-roller,"triggerpoint 18"" gray","triggerpoint 18"" gray",Grey 18,"['Grey 18', 'Grey 36']",True,Size/Color
16323599,https://www.backcountry.com/trigger-point-core-foam-roller,"triggerpoint 36"" gray","triggerpoint 36"" gray",Grey 36,"['Grey 18', 'Grey 36']",True,Size/Color
16647065,https://www.backcountry.com/trigger-point-grid-vibe-foam-roller,"12"" triggerpoint",single_case,Single_case,"Orange, 12in",out of stock or don't care,Size/Color
17242814,https://www.backcountry.com/timbuk2-forge-tote,Forge Tote Sidewalk,N/A,N/A,N/A,No action link documented,N/A
17243232,https://www.backcountry.com/timbuk2-classic-messenger-bag,Classic Messenger Lightbeam M,N/A,N/A,N/A,No action link documented,N/A
14245961,https://www.backcountry.com/yes.-pick-your-line-snowboard,YES Snowboard Pick Your Line - 2019,N/A,N/A,N/A,Failed to get the product,N/A
16647065,https://www.backcountry.com/trigger-point-grid-vibe-foam-roller,"12"" triggerpoint",single_case,Single_case,"Orange, 12in",out of stock or don't care,Size/Color
17242814,https://www.backcountry.com/timbuk2-forge-tote,Forge Tote Sidewalk,N/A,N/A,N/A,No action link documented,N/A
17243232,https://www.backcountry.com/timbuk2-classic-messenger-bag,Classic Messenger Lightbeam M,N/A,N/A,N/A,No action link documented,N/A
